label,label_edited
Thyroid UK,Thyroid UK
Couch to,Couch to 5K (Running)
Anxiety and Depression Support,Anxiety & Depression
Lung Conditions Community Forum,Lung Conditions
Fibromyalgia Action UK,Fibromyalgia UK
Fertility Network UK,Fertility UK
Endometriosis UK,Endometriosis UK
Anxiety Support,Anxiety
NRAS,Rheumatoid Arthritis
PMRGCAuk,Polymyalgia Rheumatica & Giant Cell Arteritis UK
CLL Support,Chronic Lymphocytic Leukaemia (CLL)
Atrial Fibrillation Support,Atrial Fibrillation
British Heart Foundation,British Heart
No Smoking Day,No Smoking Day
Quit Support,Quit
LUPUS UK,LUPUS UK
Advanced Prostate Cancer,Advanced Prostate Cancer
Bridge to,Bridge to 10K (Running)
Asthma Community Forum,Asthma
Pernicious Anaemia Society,Pernicious Anaemia
British Liver Trust,British Liver Trust
IBS Network,Irritable Bowel Syndrome (IBS)
Heal My PTSD,Heal My PTSD
Pain Concern,Pain Concern
Diabetes India,Diabetes India
Hughes Syndrome APS Forum,Hughes Syndrome APS
Men's Health Forum (Penis Health),Men's Health (Penis Health)
PBC Foundation,Primary Biliary Cholangitis (PBS) (Autoimmune)
CHADD's ADHD Parents Together,CHADD's ADHD Parents Together
CHADD's Adult ADHD Support,CHADD's Adult ADHD
Tinnitus UK,Tinnitus UK
Kidney Disease,Kidney Disease
Ataxia UK,Ataxia UK
Men's Health Forum,Men's Health
Gluten Free Guerrillas,Gluten Free Guerrillas
Behçet's UK,Behçet's UK (Autoimmune)
Women's Health,Women's Health
The Roy Castle Lung Cancer Foundation,Lung Cancer
Living with Anxiety,Living with Anxiety
Bone Health and Osteoporosis UK,Bone Health & Osteoporosis UK
ERIC,ERIC (Bowel & Bladder)
Early CKD Support,Early Chronic Kidney Disease (CKD)
Action on Postpartum Psychosis,Postpartum Psychosis
National Migraine Centre,National Migraine Centre
LSN,Lymphoedema 
Cholesterol Support,Cholesterol
Macular Society,Macular
ICUsteps,Intensive Care Unit (ICU) Steps 
Active,Active
Care Community,Care Community
Lung Cancer Support,Lung Cancer
Arthritis Action,Arthritis
Glaucoma UK,Glaucoma UK
Meningitis Now,Meningitis Now
ITP Support Association,Immune Thrombocytopenia (ITP) Association
MY SKIN,MY SKIN
Crohn's and Colitis Support,Crohn's and Colitis
Diabetes Research & Wellness Foundation,Diabetes Research & Wellness
Above & Beyond - Mental Health,Above & Beyond - Mental Health
High Blood Pressure Support,High Blood Pressure
COPD Friends,Chronic Obstructive Pulmonary Disease (COPD) Friends
Fight Prostate Cancer,Fight Prostate Cancer
"Fertility, Miscarriage & IVF Support",Fertility & Miscarriage & IVF
Anticoagulation Support,Anticoagulation
Diabetes & Hypertension Help Society,Diabetes & Hypertension
LUpus Patients Understanding and Support,LUpus Patients Understanding
Apoyo para Ansiedad y Depresion,Apoyo para Ansiedad y Depresion (Anxxiety & Depression)
Fertility Network UK - Pregnancy Support,Fertility Network UK  - Pregnancy
HFI Connect - Hepatitis,HFI Connect - Hepatitis
AMN EASIER,Adrenomyeloneuropathy (AMN) EASIER
The Ehlers-Danlos Support UK,The Ehlers-Danlos UK
Acoustic Neuroma Support,Acoustic Neuroma
Osteoporosis Support,Osteoporosis
Leukaemia Support,Leukaemia
Changing Faces,Changing Faces
HIV Partners,HIV Partners
Sudden Cardiac Arrest & Heart Attack,Sudden Cardiac Arrest & Heart Attack
Living with Asthma,Living with Asthma
Drink Free,Drink Free
Tourettes Action,Tourettes
Charcot-Marie-Tooth UK,Charcot-Marie-Tooth UK
Acid Reflux Support,Acid Reflux
FASD Support,Foetal Alcohol Spectrum Disorders (FASD)
Aspergillosis and Rare Fungal Infection Support,Aspergillosis and Rare Fungal Infection
Osteoarthritis Action,Osteoarthritis
Menopause and Perimenopause Support,Menopause and Perimenopause
Myositis UK,Myositis UK
Sickle Cell Society,Sickle Cell
Dialysis Support,Dialysis
Erectile Dysfunction Support,Erectile Dysfunction
Baby and Us,Baby and Us
Beyond Psoriasis,Beyond Psoriasis
Migraine Support,Migraine
CLL America Support,Chronic Lymphocytic Leukemia (CLL) America
Hepatitis C Trust,Hepatitis C Trust
Different Strokes,Different Strokes
Bronchiectasis Support,Bronchiectasis
Heart Failure Support,Heart Failure
Sensitive Issues for Men,Sensitive Issues for Men
TB Alert,Tuberculosis (TB) Alert
Kidney Transplant Patient Support,Kidney Transplant Patient
Active Surveillance - Prostate Cancer,Active Surveillance - Prostate Cancer
Memory Health: Alzheimer's Support Group,Memory Health: Alzheimer's  Group
Ask Norfolk Parents,Ask Norfolk Parents
Melanoma Caregivers,Melanoma Caregivers
Brain Aneurysm Support,Brain Aneurysm
Bowel Disease Support,Bowel Disease
Action on Pain,Action on Pain
Continence Support,Continence
Chronic Pancreatitis Support,Chronic Pancreatitis
Fight Bladder Cancer,Fight Bladder Cancer
Hepatitis C Support,Hepatitis C
Supraventricular Tachycardia Support,Supraventricular Tachycardia
Alopecia UK,Alopecia UK
Diabetes Support,Diabetes
Liver,Liver
PCD Family Support Group (UK),Primary Ciliary Dyskinesia (PCD) Family Support (Rare & Genetic)
Graves Disease Support,Graves Disease
PBCers Organization,Primary Biliary Cholangitis (PBCers) Organization (Autoimmune)
Dentistry Health Support,Dentistry Health
Fight MPN,Fight Myeloproliferative Neoplasms (MPN) (Blood Cancer)
Living with a Stoma,Living with a Stoma
EFA,European Federation of Allergy and Airways Diseases Patients’ Associations (EFA)
PKD Charity for Autosomal Dominant PKD,Autosomal Dominant Polycystic Kidney Disease (ADPKD)
The UK Mastocytosis Support Group,The  Mastocytosis  Group
Meningioma Support,Meningioma
Parents of Children with Kidney Disease,Parents of Children with Kidney Disease
Living Well with HIV,Living Well with HIV
Glioblastoma Support,Glioblastoma
HealthUnlocked Blog,HealthUnlocked Blog
Sjogren's Support,Sjogren's Syndrome (Autoimmune)
BWS Support,Beckwith-Wiedemann Syndrome (BWS) (Genetic)
deafPLUS,deafPLUS
Dystonia Society,Dystonia
"Fertility Road Mind, Body & Wellbeing",Fertility Road Mind  & Body & Wellbeing
Adenomyosis Advice Association,Adenomyosis Advice Association
Epilepsy Society,Epilepsy
Heart Valve Voice,Heart Valve Voice
Haemochromatosis Society UK,Haemochromatosis UK
Hearing Link,Hearing Link
Quit,Quit
The Endometriosis Foundation,The Endometriosis Foundation
Young Adults with Melanoma,Young Adults with Melanoma
Small Cell Lung Cancer Support,Small Cell Lung Cancer
Cavernoma Alliance UK,Cavernoma Alliance UK
Allergic to Glycols,Allergic to Glycols
Adult Acne Support,Adult Acne
FPA Contraception,FPA Contraception
Living with Sickle Cell Disease,Living with Sickle Cell Disease
FieryBones - RA Community,FieryBones - Rheumatoid Arthritis (RA)
Myasthenia Gravis Association,Myasthenia Gravis Association
C,C3-Glomerulopathie (C3G) (Kidney)
Paget’s Support,Paget’s Desease (Bones)
Living with Lyme Disease UK,Living with Lyme Disease UK
Endometriosis New Zealand,Endometriosis New Zealand
Chronic Myofascial Pain,Chronic Myofascial Pain
Living with Interstitial Lung Disease (ILD),Living with Interstitial Lung Disease (ILD)
Myeloma UK,Myeloma UK
Mamafit,Mamafit
Partners for Behcet's,Partners for Behcet's (Autoimmune)
Down's Syndrome Support,Down's Syndrome
Cancer Journeys Foundation,Cancer Journeys
LIVErNORTH,LIVErNORTH
MyDirectives: Make your medical wishes known!,MyDirectives: Make your medical wishes known!
Pseudomyxoma Survivor,Pseudomyxoma Survivor
Cook For Your Life,Cook For Your Life
DC Action,Dyskeratosis Congenita (Rare Genetic)
Australian Pain Management Association,Australian Pain Management Association
Crohn's & Colitis,Crohn's & Colitis
Barrett's Oesophagus,Barrett's Oesophagus
