cluster,community
Pain & Musculoskeletal Conditions,Fibromyalgia
Pain & Musculoskeletal Conditions,Chronic pain
Pain & Musculoskeletal Conditions,Arthritis
Pain & Musculoskeletal Conditions,Bone health & osteoporosis
Pain & Musculoskeletal Conditions,Chronic pain
Pain & Musculoskeletal Conditions,Ehlers-Danlos
Pain & Musculoskeletal Conditions,Lymphoedema
Pain & Musculoskeletal Conditions,Osteoarthritis
Pain & Musculoskeletal Conditions,Osteoporosis
Pain & Musculoskeletal Conditions,Pain Concern
Autoimmune Diseases,Hughes syndr. APS
Autoimmune Diseases,Lupus
Autoimmune Diseases,Lupus
Autoimmune Diseases,Myasthenia
Autoimmune Diseases,Sjogren's
Autoimmune Diseases,Behcet's disease
Autoimmune Diseases,Arthritis
Autoimmune Diseases,Arthritis
Autoimmune Diseases,Partners for Behcet's
Autoimmune Diseases,Primary biliary cholangitis
"Lifestyle, Diet & Supplements",Skin conditions
"Lifestyle, Diet & Supplements",Myeloma
"Lifestyle, Diet & Supplements",Active
"Lifestyle, Diet & Supplements",HealthUnlocked blog
"Lifestyle, Diet & Supplements",Running 10K
"Lifestyle, Diet & Supplements",Care community
"Lifestyle, Diet & Supplements",Cancer
"Lifestyle, Diet & Supplements",Running 5K
"Lifestyle, Diet & Supplements",Dialysis
Mental Health & Emotional Wellbeing,Pain management
Mental Health & Emotional Wellbeing,Barrett's oesophagus
Mental Health & Emotional Wellbeing,PTSD
Mental Health & Emotional Wellbeing,Anxiety
Mental Health & Emotional Wellbeing,Mental health
Mental Health & Emotional Wellbeing,ADHD Parents
Mental Health & Emotional Wellbeing,Adult ADHD
Mental Health & Emotional Wellbeing,Anxiety & depression
Mental Health & Emotional Wellbeing,Myalgic encephalomyelitisntal
Mental Health & Emotional Wellbeing,Anxiety
Neurological Disorders,Hereditary neuropathy
Neurological Disorders,Migraine
Neurological Disorders,Migraine
Neurological Disorders,Acoustic neuroma
Neurological Disorders,Adrenomyeloneuropathy
Neurological Disorders,Ataxia
Neurological Disorders,Brain aneurysm
Neurological Disorders,Dystonia
Neurological Disorders,Epilepsy
Neurological Disorders,Meningioma
Reproductive & Sexual Health (Women's Health & Men's Health),Endometriosis
Reproductive & Sexual Health (Women's Health & Men's Health),(Peri-) Menopause
Reproductive & Sexual Health (Women's Health & Men's Health),Men's (penis) health
Reproductive & Sexual Health (Women's Health & Men's Health),Men's health 
Reproductive & Sexual Health (Women's Health & Men's Health),Sensitive issues men
Reproductive & Sexual Health (Women's Health & Men's Health),Endometriosis
Reproductive & Sexual Health (Women's Health & Men's Health),Women's health
Reproductive & Sexual Health (Women's Health & Men's Health),Adenomyosis
Reproductive & Sexual Health (Women's Health & Men's Health),Postpartum psychosis
Reproductive & Sexual Health (Women's Health & Men's Health),Pregnancy & parenting
"Procedures, Surgeries & Medical Devices",Pseudomyxoma
"Procedures, Surgeries & Medical Devices",Young adults melanoma
"Procedures, Surgeries & Medical Devices",Acoustic neuroma
"Procedures, Surgeries & Medical Devices",Pain management
"Procedures, Surgeries & Medical Devices", Beckwith-Wiedemann syndr.
"Procedures, Surgeries & Medical Devices",Cavernoma
"Procedures, Surgeries & Medical Devices",Glaucoma
"Procedures, Surgeries & Medical Devices",Glioblastoma
"Procedures, Surgeries & Medical Devices",Lung cancer
"Procedures, Surgeries & Medical Devices",Melanoma caregivers
Cancer & Oncology,Chronic lymphocytic leukemia
Cancer & Oncology,Prostate cancer
Cancer & Oncology,Prostate cancer
Cancer & Oncology,Cancer
Cancer & Oncology,Chronic lymphocytic leukemia
Cancer & Oncology, Myeloproliferative neoplasms
Cancer & Oncology,Prostate cancer
Cancer & Oncology,Glioblastoma
Cancer & Oncology,Lung cancer
Cancer & Oncology,Lung & asthma
Cardiovascular Diseases,Anticoagulation
Cardiovascular Diseases,Atrial fibrillation
Cardiovascular Diseases,Heart health
Cardiovascular Diseases,High blood pressure
Cardiovascular Diseases,Cholesterol
Cardiovascular Diseases,Heart attack
Cardiovascular Diseases,Heart failure
Cardiovascular Diseases,Supraventricular tachycardia
Cardiovascular Diseases,Stroke survivors
Cardiovascular Diseases,Heart health
Renal & Liver Diseases,Kidney health
Renal & Liver Diseases,Hepatitis C
Renal & Liver Diseases,Liver health
Renal & Liver Diseases,Liver health
Renal & Liver Diseases,Kidney disease
Renal & Liver Diseases,Kidney disease
Renal & Liver Diseases,Kidney transplant
Renal & Liver Diseases,Liver
Renal & Liver Diseases,Continence
Renal & Liver Diseases,Early kidney disease
Metabolic & Endocrine Disorders,Diabetes & hypertension
Metabolic & Endocrine Disorders,Foetal alcohol spectr. dis.
Metabolic & Endocrine Disorders,Diabetes
Metabolic & Endocrine Disorders,Thyroid disord.
Metabolic & Endocrine Disorders,Alzheimer's
Metabolic & Endocrine Disorders,Diabetes
Metabolic & Endocrine Disorders,Diabetes
Metabolic & Endocrine Disorders,Graves disease
Metabolic & Endocrine Disorders,Myositis
Metabolic & Endocrine Disorders,Arteritis
Patient Support & Education,Pregnancy & parenting
Patient Support & Education,Fertility
Patient Support & Education,Ask norfolk parents
Patient Support & Education,ADHD Parents
Patient Support & Education,Postpartum psychosis
Patient Support & Education,Fertility & miscarriage
Patient Support & Education,Fertility & pregnancy
Patient Support & Education,Fertility
Patient Support & Education,Mamafit
Patient Support & Education,Kidney disease parents
Dermatology & Skin-Related,Psoriasis
Dermatology & Skin-Related,Rare fungal infection
Dermatology & Skin-Related,Alopecia
Dermatology & Skin-Related,Adult acne
Dermatology & Skin-Related,Changing faces (scarring)
Dermatology & Skin-Related,Lymphoedema
Dermatology & Skin-Related,Tourette syndr.
Dermatology & Skin-Related,Men's (penis) health
Dermatology & Skin-Related,Skin conditions
Medications & Treatment Monitoring,Alopecia
Medications & Treatment Monitoring,Supraventricular tachycardia
Medications & Treatment Monitoring,Stroke survivors
Medications & Treatment Monitoring,Erectile dysfunction
Medications & Treatment Monitoring,Hepatitis
Medications & Treatment Monitoring,Primary biliary cholangitis
Medications & Treatment Monitoring,Primary bil. cholangitis
Medications & Treatment Monitoring,Adult acne
Medications & Treatment Monitoring,Adrenomyeloneuropathy
Medications & Treatment Monitoring,Asthma
Substance Abuse & Addiction,Quit smoking
Substance Abuse & Addiction,Quit smoking
Substance Abuse & Addiction,Down's syndr.
Substance Abuse & Addiction,Quit drinking
Substance Abuse & Addiction,Quit smoking
Substance Abuse & Addiction,Adult ADHD
Substance Abuse & Addiction,Endometriosis
Substance Abuse & Addiction,Contraception
Substance Abuse & Addiction,Hepatitis C
Digestive Health (Gastrointestinal Conditions),Bowel disease
Digestive Health (Gastrointestinal Conditions),Gluten sensitivities
Digestive Health (Gastrointestinal Conditions),Crohn's & colitis
Digestive Health (Gastrointestinal Conditions),Crohn's & colitis
Digestive Health (Gastrointestinal Conditions),Acid Reflux
Digestive Health (Gastrointestinal Conditions),Chronic pancreatitis
Digestive Health (Gastrointestinal Conditions),Irritable bowel syndr.
Digestive Health (Gastrointestinal Conditions),Living with a stoma
Digestive Health (Gastrointestinal Conditions),Dentistry health
Digestive Health (Gastrointestinal Conditions),Bowl & bladder conditions
Allergy & Immunology,Allergy & airways diseases
Allergy & Immunology,Allergic to glycols
Allergy & Immunology,Mastocytosis
Allergy & Immunology,Asthma
Allergy & Immunology,Bladder cancer
Respiratory Conditions & Treatments,Asthma
Respiratory Conditions & Treatments,Bronchiectasis
Respiratory Conditions & Treatments,Asthma
Respiratory Conditions & Treatments,Lung & asthma
Respiratory Conditions & Treatments,Pulmonary disease
Respiratory Conditions & Treatments,Interstitial lung disease
Respiratory Conditions & Treatments,Allergy & airways diseases
Respiratory Conditions & Treatments,Rare fungal infection
Respiratory Conditions & Treatments,Lung & asthma
Respiratory Conditions & Treatments,Small cell lung cancer
Infectious & Communicable Diseases,HIV partners
Infectious & Communicable Diseases,Meningitis
Infectious & Communicable Diseases,Tuberculosis
Infectious & Communicable Diseases,Hepatitis C
Infectious & Communicable Diseases,Intensive Care Unit
Infectious & Communicable Diseases,HIV
Infectious & Communicable Diseases,Bronchiectasis
Infectious & Communicable Diseases,Endometriosis
Infectious & Communicable Diseases,Bowl & bladder conditions
Infectious & Communicable Diseases,Contraception
Rare Diseases & Genetic Disorders,Prim. ciliary dyskinesia
Rare Diseases & Genetic Disorders, Beckwith-Wiedemann syndr.
Rare Diseases & Genetic Disorders,Dyskeratosis congenita 
Rare Diseases & Genetic Disorders,Ehlers-Danlos
Rare Diseases & Genetic Disorders,Lyme disease 
Hematology & Blood Disorders,Immune thrombocytopenia
Hematology & Blood Disorders,Pernicious anaemia
Hematology & Blood Disorders,Haemochromatosis
Hematology & Blood Disorders,Sickle cell disord.
Hematology & Blood Disorders,Sickle cell diseas
Hematology & Blood Disorders, Beckwith-Wiedemann syndr.
Hematology & Blood Disorders,Chronic lymphocytic leukemia
Hematology & Blood Disorders,Blood cancer
Preventive Health & Screening,Hearing loss
Preventive Health & Screening,Hearing & visually impaired
Preventive Health & Screening,MyDirectives app
Preventive Health & Screening,Heart attack
Preventive Health & Screening,Tinnitus
Preventive Health & Screening,Kidney transplant
Eye & Vision Health,Glaucoma
Eye & Vision Health,Macular
Eye & Vision Health,Pagetâ€™s diseas
Eye & Vision Health,Sjogren's